book,n,stroke_w_mean,stroke_w_std,ink_ratio,img_px_median
liu_gongquan_02,1399,11.073369797070821,1.3896451993173666,0.2667072296142578,262144
ouyang_xun_03,936,10.954194962978363,2.056899607633649,0.24968338012695312,262144
shen_yinmo_01,747,9.267184754212698,1.5468503267557494,0.2182591756184896,262144
shen_yinmo_08,460,9.971077275276183,1.4833756556624775,0.23513476053873697,262144
shen_yinmo_09,229,8.998466289043426,1.5142392161102507,0.20759569803873698,262144
shen_yinmo_10,475,9.173528428872427,1.4770530163875812,0.20501073201497397,262144
yan_zhenqing_07,1725,11.541613022486368,2.2347282405372306,0.27662264506022133,262144
yu_shinan_06,316,8.18267232577006,1.1130598163309824,0.19445330301920574,262144
zhao_mengfu_04,442,13.429139534632364,2.4930896867690095,0.3226744333902995,262144
zhiyong_00,720,12.856897695859272,2.2544004645935227,0.3299035390218099,262144
