seed,features,clf,acc,macro_f1
0,fd,logreg,0.346069066862601,0.32614528548673105
0,fd,svm_rbf,0.37545922116091107,0.35819331622027023
0,fd,rf,0.33063923585598826,0.27348673002747526
0,spectral7,logreg,0.2814107274063189,0.1548487453704861
0,spectral7,svm_rbf,0.30933137398971344,0.1987404826884409
0,spectral7,rf,0.23365172667156503,0.17216876669825182
0,hu,logreg,0.40925789860396766,0.2850784995335823
0,hu,svm_rbf,0.36076414401175605,0.30502467291463053
0,hu,rf,0.3556208670095518,0.2914665634836366
0,all,logreg,0.4871418074944893,0.4698976513012245
0,all,svm_rbf,0.4650991917707568,0.45902199635619717
0,all,rf,0.44158706833210876,0.38972673587493195
1,fd,logreg,0.3737931034482759,0.35053546215232734
1,fd,svm_rbf,0.4241379310344828,0.39284619605192816
1,fd,rf,0.3331034482758621,0.25886837719756317
1,spectral7,logreg,0.2710344827586207,0.1571027393374637
1,spectral7,svm_rbf,0.3041379310344828,0.20366435516932732
1,spectral7,rf,0.24551724137931036,0.17899443187741101
1,hu,logreg,0.38275862068965516,0.24981334420028675
1,hu,svm_rbf,0.3641379310344828,0.26718213199068325
1,hu,rf,0.35586206896551725,0.2933685978485263
1,all,logreg,0.4910344827586207,0.4816406869732052
1,all,svm_rbf,0.4924137931034483,0.47003332822209615
1,all,rf,0.4496551724137931,0.3666955350667286
2,fd,logreg,0.33655839668279197,0.32004733551918335
2,fd,svm_rbf,0.40152038700760195,0.3764798460784618
2,fd,rf,0.3227366966136835,0.23982157767853682
2,spectral7,logreg,0.2778161713890809,0.15375656408570057
2,spectral7,svm_rbf,0.2978576364892882,0.2047824718347857
2,spectral7,rf,0.2619212163096061,0.20236460455937783
2,hu,logreg,0.3724948168624741,0.2572979180200627
2,hu,svm_rbf,0.35176226675881134,0.28008023834187357
2,hu,rf,0.359364201796821,0.30315552012015423
2,all,logreg,0.48859709744298546,0.4802738786476763
2,all,svm_rbf,0.5100207325501037,0.5064259519262831
2,all,rf,0.4485141672425708,0.3695532399055376
3,fd,logreg,0.3319559228650138,0.3268398076778233
3,fd,svm_rbf,0.39325068870523416,0.39582053039383147
3,fd,rf,0.34573002754820936,0.2701987253443754
3,spectral7,logreg,0.2665289256198347,0.14103024395315225
3,spectral7,svm_rbf,0.3085399449035813,0.20785023465878813
3,spectral7,rf,0.25,0.18680483869777106
3,hu,logreg,0.3650137741046832,0.24108177638530653
3,hu,svm_rbf,0.35055096418732784,0.2983105280681232
3,hu,rf,0.3443526170798898,0.2967055070135042
3,all,logreg,0.46763085399449034,0.4733997146946889
3,all,svm_rbf,0.5020661157024794,0.5057932259853808
3,all,rf,0.4380165289256198,0.37701067993847814
4,fd,logreg,0.3348129359543437,0.3210745122411878
4,fd,svm_rbf,0.39822447685478757,0.3629280435677008
4,fd,rf,0.36017755231452125,0.2872907232162662
4,spectral7,logreg,0.2923272035510463,0.17093844658148713
4,spectral7,svm_rbf,0.346861128725428,0.2641555905926048
4,spectral7,rf,0.26949904882688647,0.19835415225062306
4,hu,logreg,0.35764109067850347,0.24809649574117248
4,hu,svm_rbf,0.3532022828154724,0.28082584370960884
4,hu,rf,0.3443246670894103,0.27925607333770625
4,all,logreg,0.49080532656943565,0.49323681384082235
4,all,svm_rbf,0.5009511731135067,0.4788774803546021
4,all,rf,0.43817374762206723,0.3697552914849317
