n_coeffs,seed,acc
1,0,0.2858192505510654
1,1,0.2944827586206897
1,2,0.26053904630269525
1,3,0.29201101928374656
1,4,0.26506024096385544
2,0,0.3115356355620867
2,1,0.3117241379310345
2,2,0.29993089149965446
2,3,0.33539944903581265
2,4,0.2993024730500951
4,0,0.31741366642174873
4,1,0.3117241379310345
4,2,0.3234277816171389
4,3,0.3140495867768595
4,4,0.2986683576410907
8,0,0.31741366642174873
8,1,0.33586206896551724
8,2,0.3261921216309606
8,3,0.3319559228650138
8,4,0.33100824350031705
16,0,0.35341660543717857
16,1,0.37448275862068964
16,2,0.36627505183137526
16,3,0.3546831955922865
16,4,0.35256816740646796
32,0,0.4041146216017634
32,1,0.42
32,2,0.4063579820317899
32,3,0.41253443526170797
32,4,0.4153455928979074
64,0,0.4636296840558413
64,1,0.49379310344827587
64,2,0.469937802349689
64,3,0.4511019283746556
64,4,0.46480659480025366
