,,acc,acc,macro_f1,macro_f1
,,mean,std,mean,std
features,clf,,,,
all,logreg,0.485,0.0099,0.4797,0.009
all,rf,0.4432,0.0056,0.3745,0.0093
all,svm_rbf,0.4941,0.0174,0.484,0.0213
fd,logreg,0.3446,0.0171,0.3289,0.0124
fd,rf,0.3385,0.0147,0.2659,0.0178
fd,svm_rbf,0.3985,0.0175,0.3773,0.017
hu,logreg,0.3774,0.0201,0.2563,0.0171
hu,rf,0.3519,0.0071,0.2928,0.0088
hu,svm_rbf,0.3561,0.006,0.2863,0.0152
spectral7,logreg,0.2778,0.01,0.1555,0.0107
spectral7,rf,0.2521,0.014,0.1877,0.0127
spectral7,svm_rbf,0.3133,0.0193,0.2158,0.0272
